{
  "Delete Request" : {
    "transaction" : "Delete Request",
    "sampleCount" : 30,
    "errorCount" : 0,
    "errorPct" : 0.0,
    "meanResTime" : 111.66666666666669,
    "medianResTime" : 111.0,
    "minResTime" : 108.0,
    "maxResTime" : 139.0,
    "pct1ResTime" : 114.80000000000001,
    "pct2ResTime" : 126.34999999999998,
    "pct3ResTime" : 139.0,
    "throughput" : 0.5167958656330749,
    "receivedKBytesPerSec" : 0.10648821059431525,
    "sentKBytesPerSec" : 0.13323643410852715
  },
  "Post Request" : {
    "transaction" : "Post Request",
    "sampleCount" : 30,
    "errorCount" : 0,
    "errorPct" : 0.0,
    "meanResTime" : 111.26666666666665,
    "medianResTime" : 110.0,
    "minResTime" : 109.0,
    "maxResTime" : 118.0,
    "pct1ResTime" : 116.80000000000001,
    "pct2ResTime" : 117.45,
    "pct3ResTime" : 118.0,
    "throughput" : 0.5166979555984224,
    "receivedKBytesPerSec" : 0.1322020159831901,
    "sentKBytesPerSec" : 0.13119284028866193
  },
  "Put Request" : {
    "transaction" : "Put Request",
    "sampleCount" : 30,
    "errorCount" : 0,
    "errorPct" : 0.0,
    "meanResTime" : 113.03333333333336,
    "medianResTime" : 110.0,
    "minResTime" : 109.0,
    "maxResTime" : 150.0,
    "pct1ResTime" : 114.9,
    "pct2ResTime" : 146.7,
    "pct3ResTime" : 150.0,
    "throughput" : 0.5167958656330749,
    "receivedKBytesPerSec" : 0.13222706718346253,
    "sentKBytesPerSec" : 0.13172238372093023
  },
  "Total" : {
    "transaction" : "Total",
    "sampleCount" : 150,
    "errorCount" : 0,
    "errorPct" : 0.0,
    "meanResTime" : 193.6066666666667,
    "medianResTime" : 111.0,
    "minResTime" : 107.0,
    "maxResTime" : 719.0,
    "pct1ResTime" : 495.8,
    "pct2ResTime" : 509.0,
    "pct3ResTime" : 645.5600000000013,
    "throughput" : 2.543450614667232,
    "receivedKBytesPerSec" : 0.9085881199660873,
    "sentKBytesPerSec" : 0.5658184082238237
  },
  "Get by ID Request" : {
    "transaction" : "Get by ID Request",
    "sampleCount" : 30,
    "errorCount" : 0,
    "errorPct" : 0.0,
    "meanResTime" : 122.46666666666665,
    "medianResTime" : 111.0,
    "minResTime" : 107.0,
    "maxResTime" : 429.0,
    "pct1ResTime" : 121.50000000000001,
    "pct2ResTime" : 264.5499999999998,
    "pct3ResTime" : 429.0,
    "throughput" : 0.5167958656330749,
    "receivedKBytesPerSec" : 0.15645187338501293,
    "sentKBytesPerSec" : 0.08983365633074936
  },
  "Gets all users" : {
    "transaction" : "Gets all users",
    "sampleCount" : 30,
    "errorCount" : 0,
    "errorPct" : 0.0,
    "meanResTime" : 509.6,
    "medianResTime" : 495.0,
    "minResTime" : 479.0,
    "maxResTime" : 719.0,
    "pct1ResTime" : 572.0,
    "pct2ResTime" : 639.8,
    "pct3ResTime" : 719.0,
    "throughput" : 0.512706578025396,
    "receivedKBytesPerSec" : 0.39254097380069386,
    "sentKBytesPerSec" : 0.08812144309811495
  }
}