{
  "Delete Request" : {
    "transaction" : "Delete Request",
    "sampleCount" : 30,
    "errorCount" : 0,
    "errorPct" : 0.0,
    "meanResTime" : 114.86666666666666,
    "medianResTime" : 111.0,
    "minResTime" : 108.0,
    "maxResTime" : 199.0,
    "pct1ResTime" : 119.4,
    "pct2ResTime" : 159.39999999999995,
    "pct3ResTime" : 199.0,
    "throughput" : 0.5142445747197367,
    "receivedKBytesPerSec" : 0.10596250514244575,
    "sentKBytesPerSec" : 0.13257867941993212
  },
  "Post Request" : {
    "transaction" : "Post Request",
    "sampleCount" : 30,
    "errorCount" : 0,
    "errorPct" : 0.0,
    "meanResTime" : 113.43333333333332,
    "medianResTime" : 111.0,
    "minResTime" : 108.0,
    "maxResTime" : 159.0,
    "pct1ResTime" : 116.80000000000001,
    "pct2ResTime" : 148.0,
    "pct3ResTime" : 159.0,
    "throughput" : 0.5119017148707448,
    "receivedKBytesPerSec" : 0.130974852828257,
    "sentKBytesPerSec" : 0.12997504479140007
  },
  "Put Request" : {
    "transaction" : "Put Request",
    "sampleCount" : 30,
    "errorCount" : 0,
    "errorPct" : 0.0,
    "meanResTime" : 112.13333333333333,
    "medianResTime" : 110.0,
    "minResTime" : 108.0,
    "maxResTime" : 130.0,
    "pct1ResTime" : 119.4,
    "pct2ResTime" : 129.45,
    "pct3ResTime" : 130.0,
    "throughput" : 0.5119279205487868,
    "receivedKBytesPerSec" : 0.13098155779666223,
    "sentKBytesPerSec" : 0.13048162818675133
  },
  "Total" : {
    "transaction" : "Total",
    "sampleCount" : 150,
    "errorCount" : 0,
    "errorPct" : 0.0,
    "meanResTime" : 197.51333333333335,
    "medianResTime" : 112.0,
    "minResTime" : 108.0,
    "maxResTime" : 630.0,
    "pct1ResTime" : 527.9,
    "pct2ResTime" : 560.5999999999999,
    "pct3ResTime" : 627.96,
    "throughput" : 2.5219832876574135,
    "receivedKBytesPerSec" : 0.9009194205323067,
    "sentKBytesPerSec" : 0.5610427665316005
  },
  "Get by ID Request" : {
    "transaction" : "Get by ID Request",
    "sampleCount" : 30,
    "errorCount" : 0,
    "errorPct" : 0.0,
    "meanResTime" : 110.89999999999998,
    "medianResTime" : 110.5,
    "minResTime" : 108.0,
    "maxResTime" : 119.0,
    "pct1ResTime" : 113.9,
    "pct2ResTime" : 116.25,
    "pct3ResTime" : 119.0,
    "throughput" : 0.5142181313313108,
    "receivedKBytesPerSec" : 0.15567150460225226,
    "sentKBytesPerSec" : 0.0893855736103255
  },
  "Gets all users" : {
    "transaction" : "Gets all users",
    "sampleCount" : 30,
    "errorCount" : 0,
    "errorPct" : 0.0,
    "meanResTime" : 536.2333333333331,
    "medianResTime" : 527.5,
    "minResTime" : 485.0,
    "maxResTime" : 630.0,
    "pct1ResTime" : 594.8,
    "pct2ResTime" : 627.8,
    "pct3ResTime" : 630.0,
    "throughput" : 0.5116485315687144,
    "receivedKBytesPerSec" : 0.39173090698229696,
    "sentKBytesPerSec" : 0.08793959136337279
  }
}